"_id","_ignored","_index","_score",hostname,"hostname.keyword","query_name","query_name.keyword","raw_data.address","raw_data.address.keyword","raw_data.cpu_seconds","raw_data.cpu_seconds.keyword","raw_data.hotfix_id","raw_data.hotfix_id.keyword","raw_data.installed_on","raw_data.installed_on.keyword","raw_data.memory_mb","raw_data.memory_mb.keyword","raw_data.name","raw_data.name.keyword","raw_data.path","raw_data.path.keyword","raw_data.pid","raw_data.pid.keyword","raw_data.port","raw_data.port.keyword","raw_data.protocol","raw_data.protocol.keyword","raw_data.publisher","raw_data.publisher.keyword","raw_data.version","raw_data.version.keyword","risk_score","summary_text","summary_text.keyword",timestamp
4ZqAwJoBgRINlVaoMTwR,"-","osquery-logs","-",MSI,MSI,"process_status","process_status","-","-",0,0,"-","-","-","-",25,25,"lsass.exe","lsass.exe","C:\Windows\System32\lsass.exe","C:\Windows\System32\lsass.exe",1356,1356,"-","-","-","-","-","-","-","-",0,"(empty)","(empty)","Nov 26, 2025 @ 22:07:41.000"
4pqAwJoBgRINlVaoMTwU,"-","osquery-logs","-",MSI,MSI,"process_status","process_status","-","-",0,0,"-","-","-","-",29,29,"svchost.exe","svchost.exe","C:\Windows\System32\svchost.exe","C:\Windows\System32\svchost.exe",1496,1496,"-","-","-","-","-","-","-","-",0,"(empty)","(empty)","Nov 26, 2025 @ 22:07:41.000"
45qAwJoBgRINlVaoMTwW,"-","osquery-logs","-",MSI,MSI,"process_status","process_status","-","-",0,0,"-","-","-","-",1,1,"fontdrvhost.exe","fontdrvhost.exe","C:\Windows\System32\fontdrvhost.exe","C:\Windows\System32\fontdrvhost.exe",1528,1528,"-","-","-","-","-","-","-","-",0,"(empty)","(empty)","Nov 26, 2025 @ 22:07:41.000"
5JqAwJoBgRINlVaoMTwY,"-","osquery-logs","-",MSI,MSI,"process_status","process_status","-","-",0,0,"-","-","-","-",18,18,"svchost.exe","svchost.exe","C:\Windows\System32\svchost.exe","C:\Windows\System32\svchost.exe",1620,1620,"-","-","-","-","-","-","-","-",0,"(empty)","(empty)","Nov 26, 2025 @ 22:07:41.000"
5ZqAwJoBgRINlVaoMTwa,"-","osquery-logs","-",MSI,MSI,"process_status","process_status","-","-",0,0,"-","-","-","-",8,8,"svchost.exe","svchost.exe","C:\Windows\System32\svchost.exe","C:\Windows\System32\svchost.exe",1676,1676,"-","-","-","-","-","-","-","-",0,"(empty)","(empty)","Nov 26, 2025 @ 22:07:41.000"
5pqAwJoBgRINlVaoMTwc,"-","osquery-logs","-",MSI,MSI,"process_status","process_status","-","-",0,0,"-","-","-","-",10,10,"svchost.exe","svchost.exe","C:\Windows\System32\svchost.exe","C:\Windows\System32\svchost.exe",1880,1880,"-","-","-","-","-","-","-","-",0,"(empty)","(empty)","Nov 26, 2025 @ 22:07:41.000"
55qAwJoBgRINlVaoMTwe,"-","osquery-logs","-",MSI,MSI,"process_status","process_status","-","-",0,0,"-","-","-","-",7,7,"svchost.exe","svchost.exe","C:\Windows\System32\svchost.exe","C:\Windows\System32\svchost.exe",1896,1896,"-","-","-","-","-","-","-","-",0,"(empty)","(empty)","Nov 26, 2025 @ 22:07:41.000"
6JqAwJoBgRINlVaoMTwf,"-","osquery-logs","-",MSI,MSI,"process_status","process_status","-","-",0,0,"-","-","-","-",4,4,"svchost.exe","svchost.exe","C:\Windows\System32\svchost.exe","C:\Windows\System32\svchost.exe",1904,1904,"-","-","-","-","-","-","-","-",0,"(empty)","(empty)","Nov 26, 2025 @ 22:07:41.000"
6ZqAwJoBgRINlVaoMTwh,"-","osquery-logs","-",MSI,MSI,"process_status","process_status","-","-",0,0,"-","-","-","-",8,8,"svchost.exe","svchost.exe","C:\Windows\System32\svchost.exe","C:\Windows\System32\svchost.exe",936,936,"-","-","-","-","-","-","-","-",0,"(empty)","(empty)","Nov 26, 2025 @ 22:07:41.000"
6pqAwJoBgRINlVaoMTwj,"-","osquery-logs","-",MSI,MSI,"process_status","process_status","-","-",0,0,"-","-","-","-",6,6,"svchost.exe","svchost.exe","C:\Windows\System32\svchost.exe","C:\Windows\System32\svchost.exe",1420,1420,"-","-","-","-","-","-","-","-",0,"(empty)","(empty)","Nov 26, 2025 @ 22:07:41.000"
65qAwJoBgRINlVaoMTwl,"-","osquery-logs","-",MSI,MSI,"process_status","process_status","-","-",0,0,"-","-","-","-",2,2,"IntelCpHDCPSvc.exe","IntelCpHDCPSvc.exe","C:\Windows\System32\DriverStore\FileRepository\iigd_dch.inf_amd64_51f685305808e3a5\IntelCpHDCPSvc.exe","C:\Windows\System32\DriverStore\FileRepository\iigd_dch.inf_amd64_51f685305808e3a5\IntelCpHDCPSvc.exe",1204,1204,"-","-","-","-","-","-","-","-",0,"(empty)","(empty)","Nov 26, 2025 @ 22:07:41.000"
7JqAwJoBgRINlVaoMTwm,"-","osquery-logs","-",MSI,MSI,"process_status","process_status","-","-",0,0,"-","-","-","-",12,12,"svchost.exe","svchost.exe","C:\Windows\System32\svchost.exe","C:\Windows\System32\svchost.exe",2056,2056,"-","-","-","-","-","-","-","-",0,"(empty)","(empty)","Nov 26, 2025 @ 22:07:41.000"
7ZqAwJoBgRINlVaoMTwo,"-","osquery-logs","-",MSI,MSI,"process_status","process_status","-","-",0,0,"-","-","-","-",6,6,"svchost.exe","svchost.exe","C:\Windows\System32\svchost.exe","C:\Windows\System32\svchost.exe",2064,2064,"-","-","-","-","-","-","-","-",0,"(empty)","(empty)","Nov 26, 2025 @ 22:07:41.000"
7pqAwJoBgRINlVaoMTwq,"-","osquery-logs","-",MSI,MSI,"process_status","process_status","-","-",0,0,"-","-","-","-",9,9,"svchost.exe","svchost.exe","C:\Windows\System32\svchost.exe","C:\Windows\System32\svchost.exe",2204,2204,"-","-","-","-","-","-","-","-",0,"(empty)","(empty)","Nov 26, 2025 @ 22:07:41.000"
75qAwJoBgRINlVaoMTwr,"-","osquery-logs","-",MSI,MSI,"process_status","process_status","-","-",0,0,"-","-","-","-",9,9,"svchost.exe","svchost.exe","C:\Windows\System32\svchost.exe","C:\Windows\System32\svchost.exe",2212,2212,"-","-","-","-","-","-","-","-",0,"(empty)","(empty)","Nov 26, 2025 @ 22:07:41.000"
8JqAwJoBgRINlVaoMTwt,"-","osquery-logs","-",MSI,MSI,"process_status","process_status","-","-",0,0,"-","-","-","-",3,3,"IntelCpHeciSvc.exe","IntelCpHeciSvc.exe","C:\Windows\System32\DriverStore\FileRepository\iigd_dch.inf_amd64_51f685305808e3a5\IntelCpHeciSvc.exe","C:\Windows\System32\DriverStore\FileRepository\iigd_dch.inf_amd64_51f685305808e3a5\IntelCpHeciSvc.exe",2384,2384,"-","-","-","-","-","-","-","-",0,"(empty)","(empty)","Nov 26, 2025 @ 22:07:41.000"
8ZqAwJoBgRINlVaoMTwv,"-","osquery-logs","-",MSI,MSI,"process_status","process_status","-","-",0,0,"-","-","-","-",16,16,"svchost.exe","svchost.exe","C:\Windows\System32\svchost.exe","C:\Windows\System32\svchost.exe",2392,2392,"-","-","-","-","-","-","-","-",0,"(empty)","(empty)","Nov 26, 2025 @ 22:07:41.000"
8pqAwJoBgRINlVaoMTww,"-","osquery-logs","-",MSI,MSI,"process_status","process_status","-","-",0,0,"-","-","-","-",3,3,"svchost.exe","svchost.exe","C:\Windows\System32\svchost.exe","C:\Windows\System32\svchost.exe",2440,2440,"-","-","-","-","-","-","-","-",0,"(empty)","(empty)","Nov 26, 2025 @ 22:07:41.000"
85qAwJoBgRINlVaoMTwy,"-","osquery-logs","-",MSI,MSI,"listening_ports","listening_ports","0.0.0.0","0.0.0.0","-","-","-","-","-","-","-","-","-","-","-","-",1620,1620,135,135,6,6,"-","-","-","-",0,"(empty)","(empty)","Nov 26, 2025 @ 22:07:41.000"
9JqAwJoBgRINlVaoMTw0,"-","osquery-logs","-",MSI,MSI,"listening_ports","listening_ports","0.0.0.0","0.0.0.0","-","-","-","-","-","-","-","-","-","-","-","-",4,4,445,445,6,6,"-","-","-","-",0,"(empty)","(empty)","Nov 26, 2025 @ 22:07:41.000"
9ZqAwJoBgRINlVaoMTw2,"-","osquery-logs","-",MSI,MSI,"listening_ports","listening_ports","0.0.0.0","0.0.0.0","-","-","-","-","-","-","-","-","-","-","-","-",7560,7560,902,902,6,6,"-","-","-","-",0,"(empty)","(empty)","Nov 26, 2025 @ 22:07:41.000"
9pqAwJoBgRINlVaoMTw3,"-","osquery-logs","-",MSI,MSI,"listening_ports","listening_ports","0.0.0.0","0.0.0.0","-","-","-","-","-","-","-","-","-","-","-","-",7560,7560,912,912,6,6,"-","-","-","-",0,"(empty)","(empty)","Nov 26, 2025 @ 22:07:41.000"
95qAwJoBgRINlVaoMTw5,"-","osquery-logs","-",MSI,MSI,"listening_ports","listening_ports","0.0.0.0","0.0.0.0","-","-","-","-","-","-","-","-","-","-","-","-",4,4,1462,1462,6,6,"-","-","-","-",0,"(empty)","(empty)","Nov 26, 2025 @ 22:07:41.000"
"-JqAwJoBgRINlVaoMTw7","-","osquery-logs","-",MSI,MSI,"listening_ports","listening_ports","0.0.0.0","0.0.0.0","-","-","-","-","-","-","-","-","-","-","-","-",8212,8212,5040,5040,6,6,"-","-","-","-",0,"(empty)","(empty)","Nov 26, 2025 @ 22:07:41.000"
"-ZqAwJoBgRINlVaoMTw8","-","osquery-logs","-",MSI,MSI,"listening_ports","listening_ports","0.0.0.0","0.0.0.0","-","-","-","-","-","-","-","-","-","-","-","-",4,4,5357,5357,6,6,"-","-","-","-",0,"(empty)","(empty)","Nov 26, 2025 @ 22:07:41.000"
"-pqAwJoBgRINlVaoMTw-","-","osquery-logs","-",MSI,MSI,"listening_ports","listening_ports","0.0.0.0","0.0.0.0","-","-","-","-","-","-","-","-","-","-","-","-",5800,5800,7680,7680,6,6,"-","-","-","-",0,"(empty)","(empty)","Nov 26, 2025 @ 22:07:41.000"
"-5qAwJoBgRINlVaoMTxA","-","osquery-logs","-",MSI,MSI,"listening_ports","listening_ports","0.0.0.0","0.0.0.0","-","-","-","-","-","-","-","-","-","-","-","-",1356,1356,49664,49664,6,6,"-","-","-","-",0,"(empty)","(empty)","Nov 26, 2025 @ 22:07:41.000"
"_JqAwJoBgRINlVaoMTxB","-","osquery-logs","-",MSI,MSI,"listening_ports","listening_ports","0.0.0.0","0.0.0.0","-","-","-","-","-","-","-","-","-","-","-","-",1192,1192,49665,49665,6,6,"-","-","-","-",0,"(empty)","(empty)","Nov 26, 2025 @ 22:07:41.000"
"_ZqAwJoBgRINlVaoMTxD","-","osquery-logs","-",MSI,MSI,"listening_ports","listening_ports","0.0.0.0","0.0.0.0","-","-","-","-","-","-","-","-","-","-","-","-",2056,2056,49666,49666,6,6,"-","-","-","-",0,"(empty)","(empty)","Nov 26, 2025 @ 22:07:41.000"
"_pqAwJoBgRINlVaoMTxF","-","osquery-logs","-",MSI,MSI,"listening_ports","listening_ports","0.0.0.0","0.0.0.0","-","-","-","-","-","-","-","-","-","-","-","-",3000,3000,49667,49667,6,6,"-","-","-","-",0,"(empty)","(empty)","Nov 26, 2025 @ 22:07:41.000"
"_5qAwJoBgRINlVaoMTxG","-","osquery-logs","-",MSI,MSI,"listening_ports","listening_ports","0.0.0.0","0.0.0.0","-","-","-","-","-","-","-","-","-","-","-","-",4772,4772,49668,49668,6,6,"-","-","-","-",0,"(empty)","(empty)","Nov 26, 2025 @ 22:07:41.000"
AJqAwJoBgRINlVaoMT1I,"-","osquery-logs","-",MSI,MSI,"listening_ports","listening_ports","0.0.0.0","0.0.0.0","-","-","-","-","-","-","-","-","-","-","-","-",1336,1336,49670,49670,6,6,"-","-","-","-",0,"(empty)","(empty)","Nov 26, 2025 @ 22:07:41.000"
AZqAwJoBgRINlVaoMT1K,"-","osquery-logs","-",MSI,MSI,"listening_ports","listening_ports","0.0.0.0","0.0.0.0","-","-","-","-","-","-","-","-","-","-","-","-",18768,18768,123,123,17,17,"-","-","-","-",0,"(empty)","(empty)","Nov 26, 2025 @ 22:07:41.000"
ApqAwJoBgRINlVaoMT1M,"-","osquery-logs","-",MSI,MSI,"listening_ports","listening_ports","0.0.0.0","0.0.0.0","-","-","-","-","-","-","-","-","-","-","-","-",7948,7948,500,500,17,17,"-","-","-","-",0,"(empty)","(empty)","Nov 26, 2025 @ 22:07:41.000"
A5qAwJoBgRINlVaoMT1N,"-","osquery-logs","-",MSI,MSI,"listening_ports","listening_ports","0.0.0.0","0.0.0.0","-","-","-","-","-","-","-","-","-","-","-","-",6772,6772,3702,3702,17,17,"-","-","-","-",0,"(empty)","(empty)","Nov 26, 2025 @ 22:07:41.000"
BJqAwJoBgRINlVaoMT1P,"-","osquery-logs","-",MSI,MSI,"listening_ports","listening_ports","0.0.0.0","0.0.0.0","-","-","-","-","-","-","-","-","-","-","-","-",6772,6772,3702,3702,17,17,"-","-","-","-",0,"(empty)","(empty)","Nov 26, 2025 @ 22:07:41.000"
BZqAwJoBgRINlVaoMT1R,"-","osquery-logs","-",MSI,MSI,"listening_ports","listening_ports","0.0.0.0","0.0.0.0","-","-","-","-","-","-","-","-","-","-","-","-",7948,7948,4500,4500,17,17,"-","-","-","-",0,"(empty)","(empty)","Nov 26, 2025 @ 22:07:41.000"
BpqAwJoBgRINlVaoMT1S,"-","osquery-logs","-",MSI,MSI,"listening_ports","listening_ports","0.0.0.0","0.0.0.0","-","-","-","-","-","-","-","-","-","-","-","-",8212,8212,5050,5050,17,17,"-","-","-","-",0,"(empty)","(empty)","Nov 26, 2025 @ 22:07:41.000"
B5qAwJoBgRINlVaoMT1U,"-","osquery-logs","-",MSI,MSI,"listening_ports","listening_ports","0.0.0.0","0.0.0.0","-","-","-","-","-","-","-","-","-","-","-","-",2936,2936,5353,5353,17,17,"-","-","-","-",0,"(empty)","(empty)","Nov 26, 2025 @ 22:07:41.000"
CJqAwJoBgRINlVaoMT1V,"-","osquery-logs","-",MSI,MSI,"listening_ports","listening_ports","0.0.0.0","0.0.0.0","-","-","-","-","-","-","-","-","-","-","-","-",2936,2936,5355,5355,17,17,"-","-","-","-",0,"(empty)","(empty)","Nov 26, 2025 @ 22:07:41.000"
CZqAwJoBgRINlVaoMT1X,"-","osquery-logs","-",MSI,MSI,"listening_ports","listening_ports","0.0.0.0","0.0.0.0","-","-","-","-","-","-","-","-","-","-","-","-",3152,3152,41641,41641,17,17,"-","-","-","-",0,"(empty)","(empty)","Nov 26, 2025 @ 22:07:41.000"
CpqAwJoBgRINlVaoMT1Z,"-","osquery-logs","-",MSI,MSI,"listening_ports","listening_ports","0.0.0.0","0.0.0.0","-","-","-","-","-","-","-","-","-","-","-","-",2936,2936,49995,49995,17,17,"-","-","-","-",0,"(empty)","(empty)","Nov 26, 2025 @ 22:07:41.000"
C5qAwJoBgRINlVaoMT1b,"-","osquery-logs","-",MSI,MSI,"listening_ports","listening_ports","0.0.0.0","0.0.0.0","-","-","-","-","-","-","-","-","-","-","-","-",2936,2936,52565,52565,17,17,"-","-","-","-",0,"(empty)","(empty)","Nov 26, 2025 @ 22:07:41.000"
DJqAwJoBgRINlVaoMT1d,"-","osquery-logs","-",MSI,MSI,"listening_ports","listening_ports","0.0.0.0","0.0.0.0","-","-","-","-","-","-","-","-","-","-","-","-",6772,6772,53307,53307,17,17,"-","-","-","-",0,"(empty)","(empty)","Nov 26, 2025 @ 22:07:41.000"
DZqAwJoBgRINlVaoMT1e,"-","osquery-logs","-",MSI,MSI,"listening_ports","listening_ports","0.0.0.0","0.0.0.0","-","-","-","-","-","-","-","-","-","-","-","-",8184,8184,62683,62683,17,17,"-","-","-","-",0,"(empty)","(empty)","Nov 26, 2025 @ 22:07:41.000"
DpqAwJoBgRINlVaoMT1g,"-","osquery-logs","-",MSI,MSI,programs,programs,"-","-","-","-","-","-","-","-","-","-","MSI App Player","MSI App Player","-","-","-","-","-","-","-","-","BlueStack Systems, Inc.","BlueStack Systems, Inc.","4.200.0.6306","4.200.0.6306",30,"Unverified Application: 'MSI App Player'","Unverified Application: 'MSI App Player'","Nov 26, 2025 @ 22:07:41.000"
D5qAwJoBgRINlVaoMT1i,"-","osquery-logs","-",MSI,MSI,programs,programs,"-","-","-","-","-","-","-","-","-","-","Microsoft SQL Server 2022 (64-bit)","Microsoft SQL Server 2022 (64-bit)","-","-","-","-","-","-","-","-","(empty)","(empty)","(empty)","(empty)",30,"Unverified Application: 'Microsoft SQL Server 2022 (64-bit)'","Unverified Application: 'Microsoft SQL Server 2022 (64-bit)'","Nov 26, 2025 @ 22:07:41.000"
EJqAwJoBgRINlVaoMT1k,"-","osquery-logs","-",MSI,MSI,programs,programs,"-","-","-","-","-","-","-","-","-","-","Microsoft SQL Server 2022 (64-bit)","Microsoft SQL Server 2022 (64-bit)","-","-","-","-","-","-","-","-","Microsoft Corporation","Microsoft Corporation","(empty)","(empty)",30,"Unverified Application: 'Microsoft SQL Server 2022 (64-bit)'","Unverified Application: 'Microsoft SQL Server 2022 (64-bit)'","Nov 26, 2025 @ 22:07:41.000"
EZqAwJoBgRINlVaoMT1m,"-","osquery-logs","-",MSI,MSI,programs,programs,"-","-","-","-","-","-","-","-","-","-","(empty)","(empty)","-","-","-","-","-","-","-","-","Microsoft Corporation","Microsoft Corporation","(empty)","(empty)",30,"Unverified Application: ''","Unverified Application: ''","Nov 26, 2025 @ 22:07:41.000"
EpqAwJoBgRINlVaoMT1o,"-","osquery-logs","-",MSI,MSI,programs,programs,"-","-","-","-","-","-","-","-","-","-","Norton Security","Norton Security","-","-","-","-","-","-","-","-","Gen Digital Inc.","Gen Digital Inc.","25.11.10580.2110","25.11.10580.2110",30,"Unverified Application: 'Norton Security'","Unverified Application: 'Norton Security'","Nov 26, 2025 @ 22:07:41.000"
E5qAwJoBgRINlVaoMT1q,"-","osquery-logs","-",MSI,MSI,programs,programs,"-","-","-","-","-","-","-","-","-","-","Microsoft 365 Apps for enterprise - en-us","Microsoft 365 Apps for enterprise - en-us","-","-","-","-","-","-","-","-","Microsoft Corporation","Microsoft Corporation","16.0.19328.20244","16.0.19328.20244",30,"Unverified Application: 'Microsoft 365 Apps for enterprise - en-us'","Unverified Application: 'Microsoft 365 Apps for enterprise - en-us'","Nov 26, 2025 @ 22:07:41.000"
FJqAwJoBgRINlVaoMT1t,"-","osquery-logs","-",MSI,MSI,programs,programs,"-","-","-","-","-","-","-","-","-","-","Microsoft OneDrive","Microsoft OneDrive","-","-","-","-","-","-","-","-","Microsoft Corporation","Microsoft Corporation","25.209.1026.0002","25.209.1026.0002",30,"Unverified Application: 'Microsoft OneDrive'","Unverified Application: 'Microsoft OneDrive'","Nov 26, 2025 @ 22:07:41.000"
FZqAwJoBgRINlVaoMT1v,"-","osquery-logs","-",MSI,MSI,programs,programs,"-","-","-","-","-","-","-","-","-","-","SQL Server 2022 Database Engine Services","SQL Server 2022 Database Engine Services","-","-","-","-","-","-","-","-","Microsoft Corporation","Microsoft Corporation","16.0.1000.6","16.0.1000.6",30,"Unverified Application: 'SQL Server 2022 Database Engine Services'","Unverified Application: 'SQL Server 2022 Database Engine Services'","Nov 26, 2025 @ 22:07:41.000"
FpqAwJoBgRINlVaoMT1x,"-","osquery-logs","-",MSI,MSI,programs,programs,"-","-","-","-","-","-","-","-","-","-","Python 3.13.9 Executables (64-bit)","Python 3.13.9 Executables (64-bit)","-","-","-","-","-","-","-","-","Python Software Foundation","Python Software Foundation","3.13.9150.0","3.13.9150.0",30,"Unverified Application: 'Python 3.13.9 Executables (64-bit)'","Unverified Application: 'Python 3.13.9 Executables (64-bit)'","Nov 26, 2025 @ 22:07:41.000"
F5qAwJoBgRINlVaoMT1z,"-","osquery-logs","-",MSI,MSI,programs,programs,"-","-","-","-","-","-","-","-","-","-","WD_BLACK AN1500","WD_BLACK AN1500","-","-","-","-","-","-","-","-","ENE TECHNOLOGY INC.","ENE TECHNOLOGY INC.","1.0.12.0","1.0.12.0",30,"Unverified Application: 'WD_BLACK AN1500'","Unverified Application: 'WD_BLACK AN1500'","Nov 26, 2025 @ 22:07:41.000"
GJqAwJoBgRINlVaoMT11,"-","osquery-logs","-",MSI,MSI,programs,programs,"-","-","-","-","-","-","-","-","-","-","Intel(R) Serial IO","Intel(R) Serial IO","-","-","-","-","-","-","-","-","Intel Corporation","Intel Corporation","30.100.2020.7","30.100.2020.7",30,"Unverified Application: 'Intel(R) Serial IO'","Unverified Application: 'Intel(R) Serial IO'","Nov 26, 2025 @ 22:07:41.000"
GZqAwJoBgRINlVaoMT13,"-","osquery-logs","-",MSI,MSI,programs,programs,"-","-","-","-","-","-","-","-","-","-","SQL Server 2022 SQL Diagnostics","SQL Server 2022 SQL Diagnostics","-","-","-","-","-","-","-","-","Microsoft Corporation","Microsoft Corporation","16.0.1000.6","16.0.1000.6",30,"Unverified Application: 'SQL Server 2022 SQL Diagnostics'","Unverified Application: 'SQL Server 2022 SQL Diagnostics'","Nov 26, 2025 @ 22:07:41.000"
GpqAwJoBgRINlVaoMT15,"-","osquery-logs","-",MSI,MSI,programs,programs,"-","-","-","-","-","-","-","-","-","-","Python 3.12.5 Standard Library (64-bit)","Python 3.12.5 Standard Library (64-bit)","-","-","-","-","-","-","-","-","Python Software Foundation","Python Software Foundation","3.12.5150.0","3.12.5150.0",30,"Unverified Application: 'Python 3.12.5 Standard Library (64-bit)'","Unverified Application: 'Python 3.12.5 Standard Library (64-bit)'","Nov 26, 2025 @ 22:07:41.000"
G5qAwJoBgRINlVaoMT17,"-","osquery-logs","-",MSI,MSI,programs,programs,"-","-","-","-","-","-","-","-","-","-","Microsoft ODBC Driver 17 for SQL Server","Microsoft ODBC Driver 17 for SQL Server","-","-","-","-","-","-","-","-","Microsoft Corporation","Microsoft Corporation","17.10.6.1","17.10.6.1",30,"Unverified Application: 'Microsoft ODBC Driver 17 for SQL Server'","Unverified Application: 'Microsoft ODBC Driver 17 for SQL Server'","Nov 26, 2025 @ 22:07:41.000"
HJqAwJoBgRINlVaoMT19,"-","osquery-logs","-",MSI,MSI,programs,programs,"-","-","-","-","-","-","-","-","-","-","Python 3.13.9 Test Suite (64-bit)","Python 3.13.9 Test Suite (64-bit)","-","-","-","-","-","-","-","-","Python Software Foundation","Python Software Foundation","3.13.9150.0","3.13.9150.0",30,"Unverified Application: 'Python 3.13.9 Test Suite (64-bit)'","Unverified Application: 'Python 3.13.9 Test Suite (64-bit)'","Nov 26, 2025 @ 22:07:41.000"
"HZqAwJoBgRINlVaoMT1_","-","osquery-logs","-",MSI,MSI,programs,programs,"-","-","-","-","-","-","-","-","-","-","SQL Server 2022 Shared Management Objects","SQL Server 2022 Shared Management Objects","-","-","-","-","-","-","-","-","Microsoft Corporation","Microsoft Corporation","16.0.1000.6","16.0.1000.6",30,"Unverified Application: 'SQL Server 2022 Shared Management Objects'","Unverified Application: 'SQL Server 2022 Shared Management Objects'","Nov 26, 2025 @ 22:07:41.000"
HpqAwJoBgRINlVaoMT2B,"-","osquery-logs","-",MSI,MSI,programs,programs,"-","-","-","-","-","-","-","-","-","-",RstDowngradeGuard,RstDowngradeGuard,"-","-","-","-","-","-","-","-","Intel Corporation","Intel Corporation","18.0.0.0","18.0.0.0",30,"Unverified Application: 'RstDowngradeGuard'","Unverified Application: 'RstDowngradeGuard'","Nov 26, 2025 @ 22:07:41.000"
H5qAwJoBgRINlVaoMT2C,"-","osquery-logs","-",MSI,MSI,programs,programs,"-","-","-","-","-","-","-","-","-","-","SQL Server 2022 Database Engine Shared","SQL Server 2022 Database Engine Shared","-","-","-","-","-","-","-","-","Microsoft Corporation","Microsoft Corporation","16.0.1000.6","16.0.1000.6",30,"Unverified Application: 'SQL Server 2022 Database Engine Shared'","Unverified Application: 'SQL Server 2022 Database Engine Shared'","Nov 26, 2025 @ 22:07:41.000"
IJqAwJoBgRINlVaoMT2F,"-","osquery-logs","-",MSI,MSI,programs,programs,"-","-","-","-","-","-","-","-","-","-","ENE_DRAM_RGB_AIO","ENE_DRAM_RGB_AIO","-","-","-","-","-","-","-","-","Ene Tech.","Ene Tech.","1.0.3.9","1.0.3.9",30,"Unverified Application: 'ENE_DRAM_RGB_AIO'","Unverified Application: 'ENE_DRAM_RGB_AIO'","Nov 26, 2025 @ 22:07:41.000"
IZqAwJoBgRINlVaoMT2G,"-","osquery-logs","-",MSI,MSI,programs,programs,"-","-","-","-","-","-","-","-","-","-","ENE_X-JMI_HAL","ENE_X-JMI_HAL","-","-","-","-","-","-","-","-","ENE Tech","ENE Tech","1.0.5.1","1.0.5.1",30,"Unverified Application: 'ENE_X-JMI_HAL'","Unverified Application: 'ENE_X-JMI_HAL'","Nov 26, 2025 @ 22:07:41.000"
IpqAwJoBgRINlVaoMT2I,"-","osquery-logs","-",MSI,MSI,programs,programs,"-","-","-","-","-","-","-","-","-","-","Python 3.13.9 pip Bootstrap (64-bit)","Python 3.13.9 pip Bootstrap (64-bit)","-","-","-","-","-","-","-","-","Python Software Foundation","Python Software Foundation","3.13.9150.0","3.13.9150.0",30,"Unverified Application: 'Python 3.13.9 pip Bootstrap (64-bit)'","Unverified Application: 'Python 3.13.9 pip Bootstrap (64-bit)'","Nov 26, 2025 @ 22:07:41.000"
I5qAwJoBgRINlVaoMT2K,"-","osquery-logs","-",MSI,MSI,programs,programs,"-","-","-","-","-","-","-","-","-","-","Python 3.13.9 Core Interpreter (64-bit)","Python 3.13.9 Core Interpreter (64-bit)","-","-","-","-","-","-","-","-","Python Software Foundation","Python Software Foundation","3.13.9150.0","3.13.9150.0",30,"Unverified Application: 'Python 3.13.9 Core Interpreter (64-bit)'","Unverified Application: 'Python 3.13.9 Core Interpreter (64-bit)'","Nov 26, 2025 @ 22:07:41.000"
JJqAwJoBgRINlVaoMT2M,"-","osquery-logs","-",MSI,MSI,programs,programs,"-","-","-","-","-","-","-","-","-","-","SQL Server 2022 Shared Management Objects Extensions","SQL Server 2022 Shared Management Objects Extensions","-","-","-","-","-","-","-","-","Microsoft Corporation","Microsoft Corporation","16.0.1000.6","16.0.1000.6",30,"Unverified Application: 'SQL Server 2022 Shared Management Objects Extensions'","Unverified Application: 'SQL Server 2022 Shared Management Objects Extensions'","Nov 26, 2025 @ 22:07:41.000"
JZqAwJoBgRINlVaoMT2O,"-","osquery-logs","-",MSI,MSI,programs,programs,"-","-","-","-","-","-","-","-","-","-","ENE_EHD_M2_HAL","ENE_EHD_M2_HAL","-","-","-","-","-","-","-","-","ENE TECHNOLOGY INC.","ENE TECHNOLOGY INC.","1.0.9.0","1.0.9.0",30,"Unverified Application: 'ENE_EHD_M2_HAL'","Unverified Application: 'ENE_EHD_M2_HAL'","Nov 26, 2025 @ 22:07:41.000"
JpqAwJoBgRINlVaoMT2Q,"-","osquery-logs","-",MSI,MSI,programs,programs,"-","-","-","-","-","-","-","-","-","-","vs_communityx64msi","vs_communityx64msi","-","-","-","-","-","-","-","-","Microsoft Corporation","Microsoft Corporation","17.14.36025","17.14.36025",30,"Unverified Application: 'vs_communityx64msi'","Unverified Application: 'vs_communityx64msi'","Nov 26, 2025 @ 22:07:41.000"
J5qAwJoBgRINlVaoMT2R,"-","osquery-logs","-",MSI,MSI,programs,programs,"-","-","-","-","-","-","-","-","-","-","Python 3.12.5 Documentation (64-bit)","Python 3.12.5 Documentation (64-bit)","-","-","-","-","-","-","-","-","Python Software Foundation","Python Software Foundation","3.12.5150.0","3.12.5150.0",30,"Unverified Application: 'Python 3.12.5 Documentation (64-bit)'","Unverified Application: 'Python 3.12.5 Documentation (64-bit)'","Nov 26, 2025 @ 22:07:41.000"
KJqAwJoBgRINlVaoMT2T,"-","osquery-logs","-",MSI,MSI,programs,programs,"-","-","-","-","-","-","-","-","-","-","VMware Workstation","VMware Workstation","-","-","-","-","-","-","-","-","VMware, Inc.","VMware, Inc.","17.5.2","17.5.2",30,"Unverified Application: 'VMware Workstation'","Unverified Application: 'VMware Workstation'","Nov 26, 2025 @ 22:07:41.000"
KZqAwJoBgRINlVaoMT2V,"-","osquery-logs","-",MSI,MSI,programs,programs,"-","-","-","-","-","-","-","-","-","-","SQL Server 2022 Database Engine Services","SQL Server 2022 Database Engine Services","-","-","-","-","-","-","-","-","Microsoft Corporation","Microsoft Corporation","16.0.1000.6","16.0.1000.6",30,"Unverified Application: 'SQL Server 2022 Database Engine Services'","Unverified Application: 'SQL Server 2022 Database Engine Services'","Nov 26, 2025 @ 22:07:41.000"
KpqAwJoBgRINlVaoMT2X,"-","osquery-logs","-",MSI,MSI,programs,programs,"-","-","-","-","-","-","-","-","-","-","Microsoft Visual C++ 2022 X64 Minimum Runtime - 14.44.35211","Microsoft Visual C++ 2022 X64 Minimum Runtime - 14.44.35211","-","-","-","-","-","-","-","-","Microsoft Corporation","Microsoft Corporation","14.44.35211","14.44.35211",30,"Unverified Application: 'Microsoft Visual C++ 2022 X64 Minimum Runtime - 14.44.35211'","Unverified Application: 'Microsoft Visual C++ 2022 X64 Minimum Runtime - 14.44.35211'","Nov 26, 2025 @ 22:07:41.000"
K5qAwJoBgRINlVaoMT2Y,"-","osquery-logs","-",MSI,MSI,programs,programs,"-","-","-","-","-","-","-","-","-","-","Python 3.13.9 Documentation (64-bit)","Python 3.13.9 Documentation (64-bit)","-","-","-","-","-","-","-","-","Python Software Foundation","Python Software Foundation","3.13.9150.0","3.13.9150.0",30,"Unverified Application: 'Python 3.13.9 Documentation (64-bit)'","Unverified Application: 'Python 3.13.9 Documentation (64-bit)'","Nov 26, 2025 @ 22:07:41.000"
LJqAwJoBgRINlVaoMT2b,"-","osquery-logs","-",MSI,MSI,programs,programs,"-","-","-","-","-","-","-","-","-","-","Intel(R) Chipset Device Software","Intel(R) Chipset Device Software","-","-","-","-","-","-","-","-","Intel Corporation","Intel Corporation","10.1.18383.8213","10.1.18383.8213",30,"Unverified Application: 'Intel(R) Chipset Device Software'","Unverified Application: 'Intel(R) Chipset Device Software'","Nov 26, 2025 @ 22:07:41.000"
LZqAwJoBgRINlVaoMT2d,"-","osquery-logs","-",MSI,MSI,programs,programs,"-","-","-","-","-","-","-","-","-","-","Python 3.12.5 Executables (64-bit)","Python 3.12.5 Executables (64-bit)","-","-","-","-","-","-","-","-","Python Software Foundation","Python Software Foundation","3.12.5150.0","3.12.5150.0",30,"Unverified Application: 'Python 3.12.5 Executables (64-bit)'","Unverified Application: 'Python 3.12.5 Executables (64-bit)'","Nov 26, 2025 @ 22:07:41.000"
LpqAwJoBgRINlVaoMj02,"-","osquery-logs","-",MSI,MSI,programs,programs,"-","-","-","-","-","-","-","-","-","-","vs_minshellx64msi","vs_minshellx64msi","-","-","-","-","-","-","-","-","Microsoft Corporation","Microsoft Corporation","17.14.36301","17.14.36301",30,"Unverified Application: 'vs_minshellx64msi'","Unverified Application: 'vs_minshellx64msi'","Nov 26, 2025 @ 22:07:41.000"
L5qAwJoBgRINlVaoMj04,"-","osquery-logs","-",MSI,MSI,programs,programs,"-","-","-","-","-","-","-","-","-","-","Python 3.13.9 Add to Path (64-bit)","Python 3.13.9 Add to Path (64-bit)","-","-","-","-","-","-","-","-","Python Software Foundation","Python Software Foundation","3.13.9150.0","3.13.9150.0",30,"Unverified Application: 'Python 3.13.9 Add to Path (64-bit)'","Unverified Application: 'Python 3.13.9 Add to Path (64-bit)'","Nov 26, 2025 @ 22:07:41.000"
MJqAwJoBgRINlVaoMj06,"-","osquery-logs","-",MSI,MSI,programs,programs,"-","-","-","-","-","-","-","-","-","-","SQL Server 2022 DMF","SQL Server 2022 DMF","-","-","-","-","-","-","-","-","Microsoft Corporation","Microsoft Corporation","16.0.1000.6","16.0.1000.6",30,"Unverified Application: 'SQL Server 2022 DMF'","Unverified Application: 'SQL Server 2022 DMF'","Nov 26, 2025 @ 22:07:41.000"
MZqAwJoBgRINlVaoMj08,"-","osquery-logs","-",MSI,MSI,programs,programs,"-","-","-","-","-","-","-","-","-","-","Microsoft SQL Server 2022 RsFx Driver","Microsoft SQL Server 2022 RsFx Driver","-","-","-","-","-","-","-","-","Microsoft Corporation","Microsoft Corporation","16.0.1000.6","16.0.1000.6",30,"Unverified Application: 'Microsoft SQL Server 2022 RsFx Driver'","Unverified Application: 'Microsoft SQL Server 2022 RsFx Driver'","Nov 26, 2025 @ 22:07:41.000"
MpqAwJoBgRINlVaoMj09,"-","osquery-logs","-",MSI,MSI,programs,programs,"-","-","-","-","-","-","-","-","-","-","SQL Server 2022 Database Engine Services","SQL Server 2022 Database Engine Services","-","-","-","-","-","-","-","-","Microsoft Corporation","Microsoft Corporation","16.0.1000.6","16.0.1000.6",30,"Unverified Application: 'SQL Server 2022 Database Engine Services'","Unverified Application: 'SQL Server 2022 Database Engine Services'","Nov 26, 2025 @ 22:07:41.000"
"M5qAwJoBgRINlVaoMj0_","-","osquery-logs","-",MSI,MSI,programs,programs,"-","-","-","-","-","-","-","-","-","-","SQL Server 2022 Common Files","SQL Server 2022 Common Files","-","-","-","-","-","-","-","-","Microsoft Corporation","Microsoft Corporation","16.0.1000.6","16.0.1000.6",30,"Unverified Application: 'SQL Server 2022 Common Files'","Unverified Application: 'SQL Server 2022 Common Files'","Nov 26, 2025 @ 22:07:41.000"
NJqAwJoBgRINlVaoMj1B,"-","osquery-logs","-",MSI,MSI,programs,programs,"-","-","-","-","-","-","-","-","-","-","Microsoft Visual Studio Installer","Microsoft Visual Studio Installer","-","-","-","-","-","-","-","-","Microsoft Corporation","Microsoft Corporation","3.14.2086.54749","3.14.2086.54749",30,"Unverified Application: 'Microsoft Visual Studio Installer'","Unverified Application: 'Microsoft Visual Studio Installer'","Nov 26, 2025 @ 22:07:41.000"
NZqAwJoBgRINlVaoMj1D,"-","osquery-logs","-",MSI,MSI,programs,programs,"-","-","-","-","-","-","-","-","-","-","SQL Server 2022 Shared Management Objects","SQL Server 2022 Shared Management Objects","-","-","-","-","-","-","-","-","Microsoft Corporation","Microsoft Corporation","16.0.1000.6","16.0.1000.6",30,"Unverified Application: 'SQL Server 2022 Shared Management Objects'","Unverified Application: 'SQL Server 2022 Shared Management Objects'","Nov 26, 2025 @ 22:07:41.000"
NpqAwJoBgRINlVaoMj1F,"-","osquery-logs","-",MSI,MSI,programs,programs,"-","-","-","-","-","-","-","-","-","-","Microsoft OLE DB Driver for SQL Server","Microsoft OLE DB Driver for SQL Server","-","-","-","-","-","-","-","-","Microsoft Corporation","Microsoft Corporation","18.7.4.0","18.7.4.0",30,"Unverified Application: 'Microsoft OLE DB Driver for SQL Server'","Unverified Application: 'Microsoft OLE DB Driver for SQL Server'","Nov 26, 2025 @ 22:07:41.000"
N5qAwJoBgRINlVaoMj1H,"-","osquery-logs","-",MSI,MSI,programs,programs,"-","-","-","-","-","-","-","-","-","-","SQL Server 2022 Connection Info","SQL Server 2022 Connection Info","-","-","-","-","-","-","-","-","Microsoft Corporation","Microsoft Corporation","16.0.1000.6","16.0.1000.6",30,"Unverified Application: 'SQL Server 2022 Connection Info'","Unverified Application: 'SQL Server 2022 Connection Info'","Nov 26, 2025 @ 22:07:41.000"
OJqAwJoBgRINlVaoMj1J,"-","osquery-logs","-",MSI,MSI,programs,programs,"-","-","-","-","-","-","-","-","-","-","SQL Server 2022 Batch Parser","SQL Server 2022 Batch Parser","-","-","-","-","-","-","-","-","Microsoft Corporation","Microsoft Corporation","16.0.1000.6","16.0.1000.6",30,"Unverified Application: 'SQL Server 2022 Batch Parser'","Unverified Application: 'SQL Server 2022 Batch Parser'","Nov 26, 2025 @ 22:07:41.000"
OZqAwJoBgRINlVaoMj1L,"-","osquery-logs","-",MSI,MSI,programs,programs,"-","-","-","-","-","-","-","-","-","-","Python 3.13.9 Tcl/Tk Support (64-bit)","Python 3.13.9 Tcl/Tk Support (64-bit)","-","-","-","-","-","-","-","-","Python Software Foundation","Python Software Foundation","3.13.9150.0","3.13.9150.0",30,"Unverified Application: 'Python 3.13.9 Tcl/Tk Support (64-bit)'","Unverified Application: 'Python 3.13.9 Tcl/Tk Support (64-bit)'","Nov 26, 2025 @ 22:07:41.000"
OpqAwJoBgRINlVaoMj1N,"-","osquery-logs","-",MSI,MSI,programs,programs,"-","-","-","-","-","-","-","-","-","-","Microsoft Visual C++ 2022 X64 Additional Runtime - 14.44.35211","Microsoft Visual C++ 2022 X64 Additional Runtime - 14.44.35211","-","-","-","-","-","-","-","-","Microsoft Corporation","Microsoft Corporation","14.44.35211","14.44.35211",30,"Unverified Application: 'Microsoft Visual C++ 2022 X64 Additional Runtime - 14.44.35211'","Unverified Application: 'Microsoft Visual C++ 2022 X64 Additional Runtime - 14.44.35211'","Nov 26, 2025 @ 22:07:41.000"
O5qAwJoBgRINlVaoMj1P,"-","osquery-logs","-",MSI,MSI,programs,programs,"-","-","-","-","-","-","-","-","-","-",OptaneDowngradeGuard,OptaneDowngradeGuard,"-","-","-","-","-","-","-","-","Intel Corporation","Intel Corporation","18.0.0.0","18.0.0.0",30,"Unverified Application: 'OptaneDowngradeGuard'","Unverified Application: 'OptaneDowngradeGuard'","Nov 26, 2025 @ 22:07:41.000"
PJqAwJoBgRINlVaoMj1Q,"-","osquery-logs","-",MSI,MSI,programs,programs,"-","-","-","-","-","-","-","-","-","-","SQL Server 2022 Common Files","SQL Server 2022 Common Files","-","-","-","-","-","-","-","-","Microsoft Corporation","Microsoft Corporation","16.0.1000.6","16.0.1000.6",30,"Unverified Application: 'SQL Server 2022 Common Files'","Unverified Application: 'SQL Server 2022 Common Files'","Nov 26, 2025 @ 22:07:41.000"
PZqAwJoBgRINlVaoMj1S,"-","osquery-logs","-",MSI,MSI,programs,programs,"-","-","-","-","-","-","-","-","-","-","Python 3.13.9 Standard Library (64-bit)","Python 3.13.9 Standard Library (64-bit)","-","-","-","-","-","-","-","-","Python Software Foundation","Python Software Foundation","3.13.9150.0","3.13.9150.0",30,"Unverified Application: 'Python 3.13.9 Standard Library (64-bit)'","Unverified Application: 'Python 3.13.9 Standard Library (64-bit)'","Nov 26, 2025 @ 22:07:41.000"
PpqAwJoBgRINlVaoMj1V,"-","osquery-logs","-",MSI,MSI,programs,programs,"-","-","-","-","-","-","-","-","-","-","Office 16 Click-to-Run Licensing Component","Office 16 Click-to-Run Licensing Component","-","-","-","-","-","-","-","-","Microsoft Corporation","Microsoft Corporation","16.0.19029.20208","16.0.19029.20208",30,"Unverified Application: 'Office 16 Click-to-Run Licensing Component'","Unverified Application: 'Office 16 Click-to-Run Licensing Component'","Nov 26, 2025 @ 22:07:41.000"
P5qAwJoBgRINlVaoMj1W,"-","osquery-logs","-",MSI,MSI,programs,programs,"-","-","-","-","-","-","-","-","-","-","Office 16 Click-to-Run Extensibility Component","Office 16 Click-to-Run Extensibility Component","-","-","-","-","-","-","-","-","Microsoft Corporation","Microsoft Corporation","16.0.19328.20106","16.0.19328.20106",30,"Unverified Application: 'Office 16 Click-to-Run Extensibility Component'","Unverified Application: 'Office 16 Click-to-Run Extensibility Component'","Nov 26, 2025 @ 22:07:41.000"
QJqAwJoBgRINlVaoMj1Y,"-","osquery-logs","-",MSI,MSI,programs,programs,"-","-","-","-","-","-","-","-","-","-","Office 16 Click-to-Run Localization Component","Office 16 Click-to-Run Localization Component","-","-","-","-","-","-","-","-","Microsoft Corporation","Microsoft Corporation","16.0.13127.20616","16.0.13127.20616",30,"Unverified Application: 'Office 16 Click-to-Run Localization Component'","Unverified Application: 'Office 16 Click-to-Run Localization Component'","Nov 26, 2025 @ 22:07:41.000"
QZqAwJoBgRINlVaoMj1a,"-","osquery-logs","-",MSI,MSI,programs,programs,"-","-","-","-","-","-","-","-","-","-","SQL Server 2022 XEvent","SQL Server 2022 XEvent","-","-","-","-","-","-","-","-","Microsoft Corporation","Microsoft Corporation","16.0.1000.6","16.0.1000.6",30,"Unverified Application: 'SQL Server 2022 XEvent'","Unverified Application: 'SQL Server 2022 XEvent'","Nov 26, 2025 @ 22:07:41.000"
QpqAwJoBgRINlVaoMj1c,"-","osquery-logs","-",MSI,MSI,programs,programs,"-","-","-","-","-","-","-","-","-","-","ENE_MousePad_HAL","ENE_MousePad_HAL","-","-","-","-","-","-","-","-","ENE TECHNOLOGY INC.","ENE TECHNOLOGY INC.","1.0.2.0","1.0.2.0",30,"Unverified Application: 'ENE_MousePad_HAL'","Unverified Application: 'ENE_MousePad_HAL'","Nov 26, 2025 @ 22:07:41.000"
Q5qAwJoBgRINlVaoMj1e,"-","osquery-logs","-",MSI,MSI,programs,programs,"-","-","-","-","-","-","-","-","-","-","Intel(R) Serial IO","Intel(R) Serial IO","-","-","-","-","-","-","-","-","Intel Corporation","Intel Corporation","30.100.2020.7","30.100.2020.7",30,"Unverified Application: 'Intel(R) Serial IO'","Unverified Application: 'Intel(R) Serial IO'","Nov 26, 2025 @ 22:07:41.000"
RJqAwJoBgRINlVaoMj1g,"-","osquery-logs","-",MSI,MSI,programs,programs,"-","-","-","-","-","-","-","-","-","-","SQL Server 2022 Shared Management Objects Extensions","SQL Server 2022 Shared Management Objects Extensions","-","-","-","-","-","-","-","-","Microsoft Corporation","Microsoft Corporation","16.0.1000.6","16.0.1000.6",30,"Unverified Application: 'SQL Server 2022 Shared Management Objects Extensions'","Unverified Application: 'SQL Server 2022 Shared Management Objects Extensions'","Nov 26, 2025 @ 22:07:41.000"
RZqAwJoBgRINlVaoMj1h,"-","osquery-logs","-",MSI,MSI,programs,programs,"-","-","-","-","-","-","-","-","-","-","Python 3.12.5 Development Libraries (64-bit)","Python 3.12.5 Development Libraries (64-bit)","-","-","-","-","-","-","-","-","Python Software Foundation","Python Software Foundation","3.12.5150.0","3.12.5150.0",30,"Unverified Application: 'Python 3.12.5 Development Libraries (64-bit)'","Unverified Application: 'Python 3.12.5 Development Libraries (64-bit)'","Nov 26, 2025 @ 22:07:41.000"
RpqAwJoBgRINlVaoMj1j,"-","osquery-logs","-",MSI,MSI,programs,programs,"-","-","-","-","-","-","-","-","-","-","Microsoft Teams Meeting Add-in for Microsoft Office","Microsoft Teams Meeting Add-in for Microsoft Office","-","-","-","-","-","-","-","-",Microsoft,Microsoft,"1.25.18302","1.25.18302",0,"(empty)","(empty)","Nov 26, 2025 @ 22:07:41.000"
R5qAwJoBgRINlVaoMj1l,"-","osquery-logs","-",MSI,MSI,programs,programs,"-","-","-","-","-","-","-","-","-","-","Microsoft VSS Writer for SQL Server 2022","Microsoft VSS Writer for SQL Server 2022","-","-","-","-","-","-","-","-","Microsoft Corporation","Microsoft Corporation","16.0.1000.6","16.0.1000.6",30,"Unverified Application: 'Microsoft VSS Writer for SQL Server 2022'","Unverified Application: 'Microsoft VSS Writer for SQL Server 2022'","Nov 26, 2025 @ 22:07:41.000"
SJqAwJoBgRINlVaoMj1n,"-","osquery-logs","-",MSI,MSI,programs,programs,"-","-","-","-","-","-","-","-","-","-","Python 3.12.5 Core Interpreter (64-bit)","Python 3.12.5 Core Interpreter (64-bit)","-","-","-","-","-","-","-","-","Python Software Foundation","Python Software Foundation","3.12.5150.0","3.12.5150.0",30,"Unverified Application: 'Python 3.12.5 Core Interpreter (64-bit)'","Unverified Application: 'Python 3.12.5 Core Interpreter (64-bit)'","Nov 26, 2025 @ 22:07:41.000"
SZqAwJoBgRINlVaoMj1p,"-","osquery-logs","-",MSI,MSI,programs,programs,"-","-","-","-","-","-","-","-","-","-","NVIDIA Graphics Driver 511.65","NVIDIA Graphics Driver 511.65","-","-","-","-","-","-","-","-","NVIDIA Corporation","NVIDIA Corporation","511.65","511.65",30,"Unverified Application: 'NVIDIA Graphics Driver 511.65'","Unverified Application: 'NVIDIA Graphics Driver 511.65'","Nov 26, 2025 @ 22:07:41.000"
SpqAwJoBgRINlVaoMj1r,"-","osquery-logs","-",MSI,MSI,programs,programs,"-","-","-","-","-","-","-","-","-","-","NVIDIA GeForce Experience 3.20.4.14","NVIDIA GeForce Experience 3.20.4.14","-","-","-","-","-","-","-","-","NVIDIA Corporation","NVIDIA Corporation","3.20.4.14","3.20.4.14",30,"Unverified Application: 'NVIDIA GeForce Experience 3.20.4.14'","Unverified Application: 'NVIDIA GeForce Experience 3.20.4.14'","Nov 26, 2025 @ 22:07:41.000"
S5qAwJoBgRINlVaoMj1t,"-","osquery-logs","-",MSI,MSI,programs,programs,"-","-","-","-","-","-","-","-","-","-","NVIDIA PhysX System Software 9.20.0221","NVIDIA PhysX System Software 9.20.0221","-","-","-","-","-","-","-","-","NVIDIA Corporation","NVIDIA Corporation","9.20.0221","9.20.0221",30,"Unverified Application: 'NVIDIA PhysX System Software 9.20.0221'","Unverified Application: 'NVIDIA PhysX System Software 9.20.0221'","Nov 26, 2025 @ 22:07:41.000"
TJqAwJoBgRINlVaoMj1u,"-","osquery-logs","-",MSI,MSI,programs,programs,"-","-","-","-","-","-","-","-","-","-","NVIDIA SHIELD Streaming","NVIDIA SHIELD Streaming","-","-","-","-","-","-","-","-","NVIDIA Corporation","NVIDIA Corporation","7.1.28594849","7.1.28594849",30,"Unverified Application: 'NVIDIA SHIELD Streaming'","Unverified Application: 'NVIDIA SHIELD Streaming'","Nov 26, 2025 @ 22:07:41.000"
TZqAwJoBgRINlVaoMj1w,"-","osquery-logs","-",MSI,MSI,programs,programs,"-","-","-","-","-","-","-","-","-","-","NVIDIA Install Application","NVIDIA Install Application","-","-","-","-","-","-","-","-","NVIDIA Corporation","NVIDIA Corporation","2.1002.363.0","2.1002.363.0",30,"Unverified Application: 'NVIDIA Install Application'","Unverified Application: 'NVIDIA Install Application'","Nov 26, 2025 @ 22:07:41.000"
TpqAwJoBgRINlVaoMj1y,"-","osquery-logs","-",MSI,MSI,programs,programs,"-","-","-","-","-","-","-","-","-","-","NVIDIA ABHub","NVIDIA ABHub","-","-","-","-","-","-","-","-","NVIDIA Corporation","NVIDIA Corporation","14.3.61.0","14.3.61.0",30,"Unverified Application: 'NVIDIA ABHub'","Unverified Application: 'NVIDIA ABHub'","Nov 26, 2025 @ 22:07:41.000"
T5qAwJoBgRINlVaoMj10,"-","osquery-logs","-",MSI,MSI,programs,programs,"-","-","-","-","-","-","-","-","-","-","NVIDIA Backend","NVIDIA Backend","-","-","-","-","-","-","-","-","NVIDIA Corporation","NVIDIA Corporation","38.0.5.0","38.0.5.0",30,"Unverified Application: 'NVIDIA Backend'","Unverified Application: 'NVIDIA Backend'","Nov 26, 2025 @ 22:07:41.000"
UJqAwJoBgRINlVaoMj12,"-","osquery-logs","-",MSI,MSI,programs,programs,"-","-","-","-","-","-","-","-","-","-","NVIDIA Container","NVIDIA Container","-","-","-","-","-","-","-","-","NVIDIA Corporation","NVIDIA Corporation","1.27","1.27",30,"Unverified Application: 'NVIDIA Container'","Unverified Application: 'NVIDIA Container'","Nov 26, 2025 @ 22:07:41.000"
UZqAwJoBgRINlVaoMj14,"-","osquery-logs","-",MSI,MSI,programs,programs,"-","-","-","-","-","-","-","-","-","-","NVIDIA TelemetryApi helper for NvContainer","NVIDIA TelemetryApi helper for NvContainer","-","-","-","-","-","-","-","-","NVIDIA Corporation","NVIDIA Corporation","1.27","1.27",30,"Unverified Application: 'NVIDIA TelemetryApi helper for NvContainer'","Unverified Application: 'NVIDIA TelemetryApi helper for NvContainer'","Nov 26, 2025 @ 22:07:41.000"
UpqAwJoBgRINlVaoMj16,"-","osquery-logs","-",MSI,MSI,programs,programs,"-","-","-","-","-","-","-","-","-","-","NVIDIA LocalSystem Container","NVIDIA LocalSystem Container","-","-","-","-","-","-","-","-","NVIDIA Corporation","NVIDIA Corporation","1.27","1.27",30,"Unverified Application: 'NVIDIA LocalSystem Container'","Unverified Application: 'NVIDIA LocalSystem Container'","Nov 26, 2025 @ 22:07:41.000"
U5qAwJoBgRINlVaoMj18,"-","osquery-logs","-",MSI,MSI,programs,programs,"-","-","-","-","-","-","-","-","-","-","NVIDIA Message Bus for NvContainer","NVIDIA Message Bus for NvContainer","-","-","-","-","-","-","-","-","NVIDIA Corporation","NVIDIA Corporation","1.27","1.27",30,"Unverified Application: 'NVIDIA Message Bus for NvContainer'","Unverified Application: 'NVIDIA Message Bus for NvContainer'","Nov 26, 2025 @ 22:07:41.000"
"VJqAwJoBgRINlVaoMj1-","-","osquery-logs","-",MSI,MSI,programs,programs,"-","-","-","-","-","-","-","-","-","-","NVAPI Monitor plugin for NvContainer","NVAPI Monitor plugin for NvContainer","-","-","-","-","-","-","-","-","NVIDIA Corporation","NVIDIA Corporation","1.27","1.27",30,"Unverified Application: 'NVAPI Monitor plugin for NvContainer'","Unverified Application: 'NVAPI Monitor plugin for NvContainer'","Nov 26, 2025 @ 22:07:41.000"
VZqAwJoBgRINlVaoMj2A,"-","osquery-logs","-",MSI,MSI,programs,programs,"-","-","-","-","-","-","-","-","-","-","NVIDIA NetworkService Container","NVIDIA NetworkService Container","-","-","-","-","-","-","-","-","NVIDIA Corporation","NVIDIA Corporation","1.27","1.27",30,"Unverified Application: 'NVIDIA NetworkService Container'","Unverified Application: 'NVIDIA NetworkService Container'","Nov 26, 2025 @ 22:07:41.000"
VpqAwJoBgRINlVaoMj2B,"-","osquery-logs","-",MSI,MSI,programs,programs,"-","-","-","-","-","-","-","-","-","-","NVIDIA Session Container","NVIDIA Session Container","-","-","-","-","-","-","-","-","NVIDIA Corporation","NVIDIA Corporation","1.27","1.27",30,"Unverified Application: 'NVIDIA Session Container'","Unverified Application: 'NVIDIA Session Container'","Nov 26, 2025 @ 22:07:41.000"
V5qAwJoBgRINlVaoMj2E,"-","osquery-logs","-",MSI,MSI,programs,programs,"-","-","-","-","-","-","-","-","-","-","NVIDIA User Container","NVIDIA User Container","-","-","-","-","-","-","-","-","NVIDIA Corporation","NVIDIA Corporation","1.27","1.27",30,"Unverified Application: 'NVIDIA User Container'","Unverified Application: 'NVIDIA User Container'","Nov 26, 2025 @ 22:07:41.000"
WJqAwJoBgRINlVaoMj2F,"-","osquery-logs","-",MSI,MSI,programs,programs,"-","-","-","-","-","-","-","-","-","-",NvModuleTracker,NvModuleTracker,"-","-","-","-","-","-","-","-","NVIDIA Corporation","NVIDIA Corporation","6.14.24033.38719","6.14.24033.38719",30,"Unverified Application: 'NvModuleTracker'","Unverified Application: 'NvModuleTracker'","Nov 26, 2025 @ 22:07:41.000"
WZqAwJoBgRINlVaoMj2H,"-","osquery-logs","-",MSI,MSI,programs,programs,"-","-","-","-","-","-","-","-","-","-","NVIDIA NodeJS","NVIDIA NodeJS","-","-","-","-","-","-","-","-","NVIDIA Corporation","NVIDIA Corporation","3.20.4.14","3.20.4.14",30,"Unverified Application: 'NVIDIA NodeJS'","Unverified Application: 'NVIDIA NodeJS'","Nov 26, 2025 @ 22:07:41.000"
WpqAwJoBgRINlVaoMj2J,"-","osquery-logs","-",MSI,MSI,programs,programs,"-","-","-","-","-","-","-","-","-","-","NVIDIA Platform Controllers and Framework","NVIDIA Platform Controllers and Framework","-","-","-","-","-","-","-","-","NVIDIA Corporation","NVIDIA Corporation","457.43","457.43",30,"Unverified Application: 'NVIDIA Platform Controllers and Framework'","Unverified Application: 'NVIDIA Platform Controllers and Framework'","Nov 26, 2025 @ 22:07:41.000"
W5qAwJoBgRINlVaoMj2L,"-","osquery-logs","-",MSI,MSI,programs,programs,"-","-","-","-","-","-","-","-","-","-","NVIDIA Watchdog Plugin for NvContainer","NVIDIA Watchdog Plugin for NvContainer","-","-","-","-","-","-","-","-","NVIDIA Corporation","NVIDIA Corporation","1.27","1.27",30,"Unverified Application: 'NVIDIA Watchdog Plugin for NvContainer'","Unverified Application: 'NVIDIA Watchdog Plugin for NvContainer'","Nov 26, 2025 @ 22:07:41.000"
XJqAwJoBgRINlVaoMj2N,"-","osquery-logs","-",MSI,MSI,programs,programs,"-","-","-","-","-","-","-","-","-","-","NVIDIA Telemetry Client","NVIDIA Telemetry Client","-","-","-","-","-","-","-","-","NVIDIA Corporation","NVIDIA Corporation","14.3.61.0","14.3.61.0",30,"Unverified Application: 'NVIDIA Telemetry Client'","Unverified Application: 'NVIDIA Telemetry Client'","Nov 26, 2025 @ 22:07:41.000"
XZqAwJoBgRINlVaoMj2O,"-","osquery-logs","-",MSI,MSI,programs,programs,"-","-","-","-","-","-","-","-","-","-","NVIDIA Virtual Host Controller","NVIDIA Virtual Host Controller","-","-","-","-","-","-","-","-","NVIDIA Corporation","NVIDIA Corporation","3.04.0.1","3.04.0.1",30,"Unverified Application: 'NVIDIA Virtual Host Controller'","Unverified Application: 'NVIDIA Virtual Host Controller'","Nov 26, 2025 @ 22:07:41.000"
XpqAwJoBgRINlVaoMj2Q,"-","osquery-logs","-",MSI,MSI,programs,programs,"-","-","-","-","-","-","-","-","-","-","Nvidia Share","Nvidia Share","-","-","-","-","-","-","-","-","NVIDIA Corporation","NVIDIA Corporation","3.20.4.14","3.20.4.14",30,"Unverified Application: 'Nvidia Share'","Unverified Application: 'Nvidia Share'","Nov 26, 2025 @ 22:07:41.000"
X5qAwJoBgRINlVaoMj2S,"-","osquery-logs","-",MSI,MSI,programs,programs,"-","-","-","-","-","-","-","-","-","-","NVIDIA ShadowPlay 3.20.4.14","NVIDIA ShadowPlay 3.20.4.14","-","-","-","-","-","-","-","-","NVIDIA Corporation","NVIDIA Corporation","3.20.4.14","3.20.4.14",30,"Unverified Application: 'NVIDIA ShadowPlay 3.20.4.14'","Unverified Application: 'NVIDIA ShadowPlay 3.20.4.14'","Nov 26, 2025 @ 22:07:41.000"
YJqAwJoBgRINlVaoMj2U,"-","osquery-logs","-",MSI,MSI,programs,programs,"-","-","-","-","-","-","-","-","-","-","NVIDIA SHIELD Wireless Controller Driver","NVIDIA SHIELD Wireless Controller Driver","-","-","-","-","-","-","-","-","NVIDIA Corporation","NVIDIA Corporation","3.20.4.8","3.20.4.8",30,"Unverified Application: 'NVIDIA SHIELD Wireless Controller Driver'","Unverified Application: 'NVIDIA SHIELD Wireless Controller Driver'","Nov 26, 2025 @ 22:07:41.000"
YZqAwJoBgRINlVaoMj2W,"-","osquery-logs","-",MSI,MSI,programs,programs,"-","-","-","-","-","-","-","-","-","-","NVIDIA Update Core","NVIDIA Update Core","-","-","-","-","-","-","-","-","NVIDIA Corporation","NVIDIA Corporation","38.0.5.0","38.0.5.0",30,"Unverified Application: 'NVIDIA Update Core'","Unverified Application: 'NVIDIA Update Core'","Nov 26, 2025 @ 22:07:41.000"
YpqAwJoBgRINlVaoMj2X,"-","osquery-logs","-",MSI,MSI,programs,programs,"-","-","-","-","-","-","-","-","-","-","NVIDIA Virtual Audio 4.13.0.0","NVIDIA Virtual Audio 4.13.0.0","-","-","-","-","-","-","-","-","NVIDIA Corporation","NVIDIA Corporation","4.13.0.0","4.13.0.0",30,"Unverified Application: 'NVIDIA Virtual Audio 4.13.0.0'","Unverified Application: 'NVIDIA Virtual Audio 4.13.0.0'","Nov 26, 2025 @ 22:07:41.000"
Y5qAwJoBgRINlVaoMj2Z,"-","osquery-logs","-",MSI,MSI,programs,programs,"-","-","-","-","-","-","-","-","-","-","vs_minshellinteropx64msi","vs_minshellinteropx64msi","-","-","-","-","-","-","-","-","Microsoft Corporation","Microsoft Corporation","17.14.36015","17.14.36015",30,"Unverified Application: 'vs_minshellinteropx64msi'","Unverified Application: 'vs_minshellinteropx64msi'","Nov 26, 2025 @ 22:07:41.000"
ZJqAwJoBgRINlVaoMj2b,"-","osquery-logs","-",MSI,MSI,programs,programs,"-","-","-","-","-","-","-","-","-","-","Safe Exam Browser (x64)","Safe Exam Browser (x64)","-","-","-","-","-","-","-","-","ETH Zrich","ETH Zrich","3.9.0.787","3.9.0.787",30,"Unverified Application: 'Safe Exam Browser (x64)'","Unverified Application: 'Safe Exam Browser (x64)'","Nov 26, 2025 @ 22:07:41.000"
ZZqAwJoBgRINlVaoMj2d,"-","osquery-logs","-",MSI,MSI,programs,programs,"-","-","-","-","-","-","-","-","-","-","SQL Server 2022 XEvent","SQL Server 2022 XEvent","-","-","-","-","-","-","-","-","Microsoft Corporation","Microsoft Corporation","16.0.1000.6","16.0.1000.6",30,"Unverified Application: 'SQL Server 2022 XEvent'","Unverified Application: 'SQL Server 2022 XEvent'","Nov 26, 2025 @ 22:07:41.000"
ZpqAwJoBgRINlVaoMj2f,"-","osquery-logs","-",MSI,MSI,programs,programs,"-","-","-","-","-","-","-","-","-","-","WD_BLACK D50","WD_BLACK D50","-","-","-","-","-","-","-","-","ENE TECHNOLOGY INC.","ENE TECHNOLOGY INC.","1.0.9.0","1.0.9.0",30,"Unverified Application: 'WD_BLACK D50'","Unverified Application: 'WD_BLACK D50'","Nov 26, 2025 @ 22:07:41.000"
Z5qAwJoBgRINlVaoMj2h,"-","osquery-logs","-",MSI,MSI,programs,programs,"-","-","-","-","-","-","-","-","-","-","Microsoft SQL Server 2022 Setup (English)","Microsoft SQL Server 2022 Setup (English)","-","-","-","-","-","-","-","-","Microsoft Corporation","Microsoft Corporation","16.0.1000.6","16.0.1000.6",30,"Unverified Application: 'Microsoft SQL Server 2022 Setup (English)'","Unverified Application: 'Microsoft SQL Server 2022 Setup (English)'","Nov 26, 2025 @ 22:07:41.000"
aJqAwJoBgRINlVaoMj2j,"-","osquery-logs","-",MSI,MSI,programs,programs,"-","-","-","-","-","-","-","-","-","-","Python 3.12.5 Test Suite (64-bit)","Python 3.12.5 Test Suite (64-bit)","-","-","-","-","-","-","-","-","Python Software Foundation","Python Software Foundation","3.12.5150.0","3.12.5150.0",30,"Unverified Application: 'Python 3.12.5 Test Suite (64-bit)'","Unverified Application: 'Python 3.12.5 Test Suite (64-bit)'","Nov 26, 2025 @ 22:07:41.000"
aZqAwJoBgRINlVaoMj2l,"-","osquery-logs","-",MSI,MSI,programs,programs,"-","-","-","-","-","-","-","-","-","-","Python 3.12.5 Tcl/Tk Support (64-bit)","Python 3.12.5 Tcl/Tk Support (64-bit)","-","-","-","-","-","-","-","-","Python Software Foundation","Python Software Foundation","3.12.5150.0","3.12.5150.0",30,"Unverified Application: 'Python 3.12.5 Tcl/Tk Support (64-bit)'","Unverified Application: 'Python 3.12.5 Tcl/Tk Support (64-bit)'","Nov 26, 2025 @ 22:07:41.000"
apqAwJoBgRINlVaoMj2m,"-","osquery-logs","-",MSI,MSI,programs,programs,"-","-","-","-","-","-","-","-","-","-","Python 3.12.5 pip Bootstrap (64-bit)","Python 3.12.5 pip Bootstrap (64-bit)","-","-","-","-","-","-","-","-","Python Software Foundation","Python Software Foundation","3.12.5150.0","3.12.5150.0",30,"Unverified Application: 'Python 3.12.5 pip Bootstrap (64-bit)'","Unverified Application: 'Python 3.12.5 pip Bootstrap (64-bit)'","Nov 26, 2025 @ 22:07:41.000"
a5qAwJoBgRINlVaoMj2o,"-","osquery-logs","-",MSI,MSI,programs,programs,"-","-","-","-","-","-","-","-","-","-","SQL Server 2022 Database Engine Services","SQL Server 2022 Database Engine Services","-","-","-","-","-","-","-","-","Microsoft Corporation","Microsoft Corporation","16.0.1000.6","16.0.1000.6",30,"Unverified Application: 'SQL Server 2022 Database Engine Services'","Unverified Application: 'SQL Server 2022 Database Engine Services'","Nov 26, 2025 @ 22:07:41.000"
bJqAwJoBgRINlVaoMj2q,"-","osquery-logs","-",MSI,MSI,programs,programs,"-","-","-","-","-","-","-","-","-","-","Microsoft Update Health Tools","Microsoft Update Health Tools","-","-","-","-","-","-","-","-","Microsoft Corporation","Microsoft Corporation","5.72.0.0","5.72.0.0",30,"Unverified Application: 'Microsoft Update Health Tools'","Unverified Application: 'Microsoft Update Health Tools'","Nov 26, 2025 @ 22:07:41.000"
bZqAwJoBgRINlVaoMj2r,"-","osquery-logs","-",MSI,MSI,programs,programs,"-","-","-","-","-","-","-","-","-","-","DiagnosticsHub_CollectionService","DiagnosticsHub_CollectionService","-","-","-","-","-","-","-","-","Microsoft Corporation","Microsoft Corporation","17.14.36412","17.14.36412",30,"Unverified Application: 'DiagnosticsHub_CollectionService'","Unverified Application: 'DiagnosticsHub_CollectionService'","Nov 26, 2025 @ 22:07:41.000"
bpqAwJoBgRINlVaoMj2t,"-","osquery-logs","-",MSI,MSI,programs,programs,"-","-","-","-","-","-","-","-","-","-","SQL Server 2022 Database Engine Shared","SQL Server 2022 Database Engine Shared","-","-","-","-","-","-","-","-","Microsoft Corporation","Microsoft Corporation","16.0.1000.6","16.0.1000.6",30,"Unverified Application: 'SQL Server 2022 Database Engine Shared'","Unverified Application: 'SQL Server 2022 Database Engine Shared'","Nov 26, 2025 @ 22:07:41.000"
b5qAwJoBgRINlVaoMj2v,"-","osquery-logs","-",MSI,MSI,programs,programs,"-","-","-","-","-","-","-","-","-","-","SQL Server 2022 DMF","SQL Server 2022 DMF","-","-","-","-","-","-","-","-","Microsoft Corporation","Microsoft Corporation","16.0.1000.6","16.0.1000.6",30,"Unverified Application: 'SQL Server 2022 DMF'","Unverified Application: 'SQL Server 2022 DMF'","Nov 26, 2025 @ 22:07:41.000"
cJqAwJoBgRINlVaoMj2x,"-","osquery-logs","-",MSI,MSI,programs,programs,"-","-","-","-","-","-","-","-","-","-",Tailscale,Tailscale,"-","-","-","-","-","-","-","-","Tailscale Inc.","Tailscale Inc.","1.90.8","1.90.8",30,"Unverified Application: 'Tailscale'","Unverified Application: 'Tailscale'","Nov 26, 2025 @ 22:07:41.000"
cZqAwJoBgRINlVaoMj2z,"-","osquery-logs","-",MSI,MSI,programs,programs,"-","-","-","-","-","-","-","-","-","-","SQL Server 2022 Connection Info","SQL Server 2022 Connection Info","-","-","-","-","-","-","-","-","Microsoft Corporation","Microsoft Corporation","16.0.1000.6","16.0.1000.6",30,"Unverified Application: 'SQL Server 2022 Connection Info'","Unverified Application: 'SQL Server 2022 Connection Info'","Nov 26, 2025 @ 22:07:41.000"
cpqAwJoBgRINlVaoMj21,"-","osquery-logs","-",MSI,MSI,patches,patches,"-","-","-","-",KB5066131,KB5066131,"10/20/2025","10/20/2025","-","-","-","-","-","-","-","-","-","-","-","-","-","-","-","-",10,"Missing Patch: KB5066131","Missing Patch: KB5066131","Nov 26, 2025 @ 22:07:41.000"
c5qAwJoBgRINlVaoMj23,"-","osquery-logs","-",MSI,MSI,patches,patches,"-","-","-","-",KB5068861,KB5068861,"11/23/2025","11/23/2025","-","-","-","-","-","-","-","-","-","-","-","-","-","-","-","-",10,"Missing Patch: KB5068861","Missing Patch: KB5068861","Nov 26, 2025 @ 22:07:41.000"
dJqAwJoBgRINlVaoMj24,"-","osquery-logs","-",MSI,MSI,patches,patches,"-","-","-","-",KB5067035,KB5067035,"11/5/2025","11/5/2025","-","-","-","-","-","-","-","-","-","-","-","-","-","-","-","-",10,"Missing Patch: KB5067035","Missing Patch: KB5067035","Nov 26, 2025 @ 22:07:41.000"
3JqAwJoBgRINlVaoMTwE,"-","osquery-logs","-",MSI,MSI,"process_status","process_status","-","-",0,0,"-","-","-","-",129,129,Registry,Registry,Registry,Registry,224,224,"-","-","-","-","-","-","-","-",0,"(empty)","(empty)","Nov 26, 2025 @ 22:07:41.000"
3ZqAwJoBgRINlVaoMTwH,"-","osquery-logs","-",MSI,MSI,"process_status","process_status","-","-",0,0,"-","-","-","-",0,0,"smss.exe","smss.exe","C:\Windows\System32\smss.exe","C:\Windows\System32\smss.exe",796,796,"-","-","-","-","-","-","-","-",0,"(empty)","(empty)","Nov 26, 2025 @ 22:07:41.000"
3pqAwJoBgRINlVaoMTwJ,"-","osquery-logs","-",MSI,MSI,"process_status","process_status","-","-",0,0,"-","-","-","-",5,5,"csrss.exe","csrss.exe","C:\Windows\System32\csrss.exe","C:\Windows\System32\csrss.exe",1084,1084,"-","-","-","-","-","-","-","-",0,"(empty)","(empty)","Nov 26, 2025 @ 22:07:41.000"
35qAwJoBgRINlVaoMTwK,"-","osquery-logs","-",MSI,MSI,"process_status","process_status","-","-",0,0,"-","-","-","-",5,5,"wininit.exe","wininit.exe","C:\Windows\System32\wininit.exe","C:\Windows\System32\wininit.exe",1192,1192,"-","-","-","-","-","-","-","-",0,"(empty)","(empty)","Nov 26, 2025 @ 22:07:41.000"
4JqAwJoBgRINlVaoMTwN,"-","osquery-logs","-",MSI,MSI,"process_status","process_status","-","-",0,0,"-","-","-","-",11,11,"services.exe","services.exe","C:\Windows\System32\services.exe","C:\Windows\System32\services.exe",1336,1336,"-","-","-","-","-","-","-","-",0,"(empty)","(empty)","Nov 26, 2025 @ 22:07:41.000"
"2pqAwJoBgRINlVaoMDz-","-","osquery-logs","-",MSI,MSI,"process_status","process_status","-","-",0,0,"-","-","-","-",0,0,"[System Process]","[System Process]","(empty)","(empty)",0,0,"-","-","-","-","-","-","-","-",0,"(empty)","(empty)","Nov 26, 2025 @ 22:07:41.000"
25qAwJoBgRINlVaoMTwB,"-","osquery-logs","-",MSI,MSI,"process_status","process_status","-","-",0,0,"-","-","-","-",3,3,System,System,"(empty)","(empty)",4,4,"-","-","-","-","-","-","-","-",0,"(empty)","(empty)","Nov 26, 2025 @ 22:07:41.000"
